"Mother of Runes","MONO_WHITE","CREATURE","1",
"Serra Ascendant","MONO_WHITE","CREATURE","1",
"Weathered Wayfarer","MONO_WHITE","CREATURE","1",
"Grand Abolisher","MONO_WHITE","CREATURE","2",
"Knight of the White Orchid","MONO_WHITE","CREATURE","2",
"Selfless Spirit","MONO_WHITE","CREATURE","2",
"Stoneforge Mystic","MONO_WHITE","CREATURE","2",
"Wall of Omens","MONO_WHITE","CREATURE","2",
"Eldrazi Displacer","MONO_WHITE","CREATURE","3",
"Mentor of the Meek","MONO_WHITE","CREATURE","3",
"Mirror Entity","MONO_WHITE","CREATURE","3",
"Recruiter of the Guard","MONO_WHITE","CREATURE","3",
"Silverblade Paladin","MONO_WHITE","CREATURE","3",
"Thalia, Heretic Cathar","MONO_WHITE","CREATURE","3",
"Hero of Bladehold","MONO_WHITE","CREATURE","4",
"Restoration Angel","MONO_WHITE","CREATURE","4",
"Angel of Invention","MONO_WHITE","CREATURE","5",
"Archangel of Thune","MONO_WHITE","CREATURE","5",
"Archon of Justice","MONO_WHITE","CREATURE","5",
"Baneslayer Angel","MONO_WHITE","CREATURE","5",
"Geist-Honored Monk","MONO_WHITE","CREATURE","5",
"Karmic Guide","MONO_WHITE","CREATURE","5",
"Lyra Dawnbringer","MONO_WHITE","CREATURE","5",
"Reveillark","MONO_WHITE","CREATURE","5",
"Stonehewer Giant","MONO_WHITE","CREATURE","5",
"Felidar Sovereign","MONO_WHITE","CREATURE","6",
"Sun Titan","MONO_WHITE","CREATURE","6",
"Sunblast Angel","MONO_WHITE","CREATURE","6",
"Yosei, the Morning Star","MONO_WHITE","CREATURE","6",
"Angel of Serenity","MONO_WHITE","CREATURE","7",
"Angelic Arbiter","MONO_WHITE","CREATURE","7",
"Archangel of Strife","MONO_WHITE","CREATURE","7",
"Elesh Norn, Grand Cenobite","MONO_WHITE","CREATURE","7",
"Emeria Shepherd","MONO_WHITE","CREATURE","7",
"Luminate Primordial","MONO_WHITE","CREATURE","7",
"Serra Avatar","MONO_WHITE","CREATURE","7",
"Avacyn, Angel of Hope","MONO_WHITE","CREATURE","8",
"Iona, Shield of Emeria","MONO_WHITE","CREATURE","9",
"Elspeth, Knight-Errant","MONO_WHITE","PLANESWALKER","4",
"Gideon, Ally of Zendikar","MONO_WHITE","PLANESWALKER","4",
"Elspeth, Sun's Champion","MONO_WHITE","PLANESWALKER","6",
"Enlightened Tutor","MONO_WHITE","INSTANT","1",
"Path to Exile","MONO_WHITE","INSTANT","1",
"Swords to Plowshares","MONO_WHITE","INSTANT","1",
"Teferi's Protection","MONO_WHITE","INSTANT","3",
"Return to Dust","MONO_WHITE","INSTANT","4",
"Council's Judgment","MONO_WHITE","SORCERY","3",
"Armageddon","MONO_WHITE","SORCERY","4",
"Cataclysm","MONO_WHITE","SORCERY","4",
"Day of Judgment","MONO_WHITE","SORCERY","4",
"Wrath of God","MONO_WHITE","SORCERY","4",
"Cleansing Nova","MONO_WHITE","SORCERY","5",
"Fumigate","MONO_WHITE","SORCERY","5",
"Rout","MONO_WHITE","SORCERY","5",
"Akroma's Vengeance","MONO_WHITE","SORCERY","6",
"Austere Command","MONO_WHITE","SORCERY","6",
"Hour of Revelation","MONO_WHITE","SORCERY","6",
"Terminus","MONO_WHITE","SORCERY","6",
"Martial Coup","MONO_WHITE","SORCERY","7",
"Land Tax","MONO_WHITE","ENCHANTMENT","1",
"Blind Obedience","MONO_WHITE","ENCHANTMENT","2",
"Darksteel Mutation","MONO_WHITE","ENCHANTMENT","2",
"Luminarch Ascension","MONO_WHITE","ENCHANTMENT","2",
"Act of Authority","MONO_WHITE","ENCHANTMENT","3",
"Aura of Silence","MONO_WHITE","ENCHANTMENT","3",
"Banishing Light","MONO_WHITE","ENCHANTMENT","3",
"Ghostly Prison","MONO_WHITE","ENCHANTMENT","3",
"Gift of Immortality","MONO_WHITE","ENCHANTMENT","3",
"Grasp of Fate","MONO_WHITE","ENCHANTMENT","3",
"Oblivion Ring","MONO_WHITE","ENCHANTMENT","3",
"Anointed Procession","MONO_WHITE","ENCHANTMENT","4",
"Faith's Fetters","MONO_WHITE","ENCHANTMENT","4",
"Cathars' Crusade","MONO_WHITE","ENCHANTMENT","5",
"Divine Visitation","MONO_WHITE","ENCHANTMENT","5",
"True Conviction","MONO_WHITE","ENCHANTMENT","6",
"Windbrisk Heights","MONO_WHITE","LAND","0",
"Baral, Chief of Compliance","MONO_BLUE","CREATURE","2",
"Gilded Drake","MONO_BLUE","CREATURE","2",
"Jace, Vryn's Prodigy","MONO_BLUE","CREATURE","2",
"Phantasmal Image","MONO_BLUE","CREATURE","2",
"Snapcaster Mage","MONO_BLUE","CREATURE","2",
"Archaeomancer","MONO_BLUE","CREATURE","4",
"Clever Impersonator","MONO_BLUE","CREATURE","4",
"Faerie Artisans","MONO_BLUE","CREATURE","4",
"Glen Elendra Archmage","MONO_BLUE","CREATURE","4",
"Stunt Double","MONO_BLUE","CREATURE","4",
"Venser, Shaper Savant","MONO_BLUE","CREATURE","4",
"Azami, Lady of Scrolls","MONO_BLUE","CREATURE","5",
"Deepglow Skate","MONO_BLUE","CREATURE","5",
"Mulldrifter","MONO_BLUE","CREATURE","5",
"Teferi, Mage of Zhalfir","MONO_BLUE","CREATURE","5",
"Arcanis the Omnipotent","MONO_BLUE","CREATURE","6",
"Consecrated Sphinx","MONO_BLUE","CREATURE","6",
"Deadeye Navigator","MONO_BLUE","CREATURE","6",
"Frost Titan","MONO_BLUE","CREATURE","6",
"Diluvian Primordial","MONO_BLUE","CREATURE","7",
"Palinchron","MONO_BLUE","CREATURE","7",
"Jin-Gitaxias, Core Augur","MONO_BLUE","CREATURE","10",
"Jace Beleren","MONO_BLUE","PLANESWALKER","3",
"Jace, the Mind Sculptor","MONO_BLUE","PLANESWALKER","4",
"Tamiyo, the Moon Sage","MONO_BLUE","PLANESWALKER","5",
"Tezzeret the Seeker","MONO_BLUE","PLANESWALKER","5",
"Teferi, Temporal Archmage","MONO_BLUE","PLANESWALKER","6",
"Phyrexian Metamorph","MONO_BLUE","ARTIFACT_CREATURE","4",
"Brainstorm","MONO_BLUE","INSTANT","1",
"Mystical Tutor","MONO_BLUE","INSTANT","1",
"Pongify","MONO_BLUE","INSTANT","1",
"Rapid Hybridization","MONO_BLUE","INSTANT","1",
"Swan Song","MONO_BLUE","INSTANT","1",
"Counterspell","MONO_BLUE","INSTANT","2",
"Cyclonic Rift","MONO_BLUE","INSTANT","2",
"Mana Drain","MONO_BLUE","INSTANT","2",
"Mission Briefing","MONO_BLUE","INSTANT","2",
"Negate","MONO_BLUE","INSTANT","2",
"Capsize","MONO_BLUE","INSTANT","3",
"Disallow","MONO_BLUE","INSTANT","3",
"Dissipate","MONO_BLUE","INSTANT","3",
"Forbid","MONO_BLUE","INSTANT","3",
"Frantic Search","MONO_BLUE","INSTANT","3",
"Thirst for Knowledge","MONO_BLUE","INSTANT","3",
"Cryptic Command","MONO_BLUE","INSTANT","4",
"Fact or Fiction","MONO_BLUE","INSTANT","4",
"Evacuation","MONO_BLUE","INSTANT","5",
"Force of Will","MONO_BLUE","INSTANT","5",
"Mystic Confluence","MONO_BLUE","INSTANT","5",
"Pull from Tomorrow","MONO_BLUE","INSTANT","7",
"Blue Sun's Zenith","MONO_BLUE","INSTANT","8",
"Dig Through Time","MONO_BLUE","INSTANT","8",
"Whir of Invention","MONO_BLUE","INSTANT","8",
"Ancestral Vision","MONO_BLUE","SORCERY","1",
"Ponder","MONO_BLUE","SORCERY","1",
"Preordain","MONO_BLUE","SORCERY","1",
"Compulsive Research","MONO_BLUE","SORCERY","3",
"Windfall","MONO_BLUE","SORCERY","3",
"Rite of Replication","MONO_BLUE","SORCERY","4",
"Tezzeret's Gambit","MONO_BLUE","SORCERY","4",
"Bribery","MONO_BLUE","SORCERY","5",
"Capture of Jingzhou","MONO_BLUE","SORCERY","5",
"Temporal Manipulation","MONO_BLUE","SORCERY","5",
"Time Warp","MONO_BLUE","SORCERY","5",
"Spelltwine","MONO_BLUE","SORCERY","6",
"Time Spiral","MONO_BLUE","SORCERY","6",
"Blatant Thievery","MONO_BLUE","SORCERY","7",
"Curse of the Swine","MONO_BLUE","SORCERY","7",
"Treasure Cruise","MONO_BLUE","SORCERY","8",
"Expropriate","MONO_BLUE","SORCERY","9",
"Rhystic Study","MONO_BLUE","ENCHANTMENT","3",
"Control Magic","MONO_BLUE","ENCHANTMENT","4",
"Leyline of Anticipation","MONO_BLUE","ENCHANTMENT","4",
"Treachery","MONO_BLUE","ENCHANTMENT","5",
"Bident of Thassa","MONO_BLUE","ENCHANTMENT_ARTIFACT","4",
"Academy Ruins","MONO_BLUE","LAND","0",
"Viscera Seer","MONO_BLACK","CREATURE","1",
"Mindblade Render","MONO_BLACK","CREATURE","2",
"Reassembling Skeleton","MONO_BLACK","CREATURE","2",
"Zulaport Cutthroat","MONO_BLACK","CREATURE","2",
"Fleshbag Marauder","MONO_BLACK","CREATURE","3",
"Plaguecrafter","MONO_BLACK","CREATURE","3",
"Crypt Ghast","MONO_BLACK","CREATURE","4",
"Disciple of Bolas","MONO_BLACK","CREATURE","4",
"Smothering Abomination","MONO_BLACK","CREATURE","4",
"Tree of Perdition","MONO_BLACK","CREATURE","4",
"Archfiend of Depravity","MONO_BLACK","CREATURE","5",
"Bloodgift Demon","MONO_BLACK","CREATURE","5",
"Doom Whisperer","MONO_BLACK","CREATURE","5",
"Gray Merchant of Asphodel","MONO_BLACK","CREATURE","5",
"Puppeteer Clique","MONO_BLACK","CREATURE","5",
"Shriekmaw","MONO_BLACK","CREATURE","5",
"Sidisi, Undead Vizier","MONO_BLACK","CREATURE","5",
"Grave Titan","MONO_BLACK","CREATURE","6",
"Harvester of Souls","MONO_BLACK","CREATURE","6",
"Kokusho, the Evening Star","MONO_BLACK","CREATURE","6",
"Massacre Wurm","MONO_BLACK","CREATURE","6",
"Mikaeus, the Unhallowed","MONO_BLACK","CREATURE","6",
"Ob Nixilis, Unshackled","MONO_BLACK","CREATURE","6",
"Butcher of Malakir","MONO_BLACK","CREATURE","7",
"Lord of the Void","MONO_BLACK","CREATURE","7",
"Rune-Scarred Demon","MONO_BLACK","CREATURE","7",
"Sepulchral Primordial","MONO_BLACK","CREATURE","7",
"Sheoldred, Whispering One","MONO_BLACK","CREATURE","7",
"Razaketh, the Foulblooded","MONO_BLACK","CREATURE","8",
"Liliana of the Veil","MONO_BLACK","PLANESWALKER","3",
"Liliana Vess","MONO_BLACK","PLANESWALKER","5",
"Ob Nixilis Reignited","MONO_BLACK","PLANESWALKER","5",
"Sorin Markov","MONO_BLACK","PLANESWALKER","6",
"Noxious Gearhulk","MONO_BLACK","ARTIFACT_CREATURE","6",
"Entomb","MONO_BLACK","INSTANT","1",
"Vampiric Tutor","MONO_BLACK","INSTANT","1",
"Go for the Throat","MONO_BLACK","INSTANT","2",
"Hero's Downfall","MONO_BLACK","INSTANT","3",
"Murderous Cut","MONO_BLACK","INSTANT","5",
"Curtains' Call","MONO_BLACK","INSTANT","6",
"Imperial Seal","MONO_BLACK","SORCERY","1",
"Reanimate","MONO_BLACK","SORCERY","1",
"Demonic Tutor","MONO_BLACK","SORCERY","2",
"Night's Whisper","MONO_BLACK","SORCERY","2",
"Buried Alive","MONO_BLACK","SORCERY","3",
"Read the Bones","MONO_BLACK","SORCERY","3",
"Toxic Deluge","MONO_BLACK","SORCERY","3",
"Victimize","MONO_BLACK","SORCERY","3",
"Yawgmoth's Will","MONO_BLACK","SORCERY","3",
"Damnation","MONO_BLACK","SORCERY","4",
"Syphon Mind","MONO_BLACK","SORCERY","4",
"Beacon of Unrest","MONO_BLACK","SORCERY","5",
"Crux of Fate","MONO_BLACK","SORCERY","5",
"Living Death","MONO_BLACK","SORCERY","5",
"Life's Finale","MONO_BLACK","SORCERY","6",
"Black Sun's Zenith","MONO_BLACK","SORCERY","7",
"Torment of Hailfire","MONO_BLACK","SORCERY","7",
"Army of the Damned","MONO_BLACK","SORCERY","8",
"Decree of Pain","MONO_BLACK","SORCERY","8",
"In Garruk's Wake","MONO_BLACK","SORCERY","9",
"Rise of the Dark Realms","MONO_BLACK","SORCERY","9",
"Phyrexian Reclamation","MONO_BLACK","ENCHANTMENT","1",
"Animate Dead","MONO_BLACK","ENCHANTMENT","2",
"Bitterblossom","MONO_BLACK","ENCHANTMENT","2",
"Attrition","MONO_BLACK","ENCHANTMENT","3",
"Necromancy","MONO_BLACK","ENCHANTMENT","3",
"Necropotence","MONO_BLACK","ENCHANTMENT","3",
"Phyrexian Arena","MONO_BLACK","ENCHANTMENT","3",
"Grave Pact","MONO_BLACK","ENCHANTMENT","4",
"Dictate of Erebos","MONO_BLACK","ENCHANTMENT","5",
"Exquisite Blood","MONO_BLACK","ENCHANTMENT","5",
"Sanguine Bond","MONO_BLACK","ENCHANTMENT","5",
"Whip of Erebos","MONO_BLACK","ENCHANTMENT_ARTIFACT","4",
"Erebos, God of the Dead","MONO_BLACK","ENCHANTMENT_CREATURE","4",
"Cabal Coffers","MONO_BLACK","LAND","0",
"Volrath's Stronghold","MONO_BLACK","LAND","0",
"Dragonmaster Outcast","MONO_RED","CREATURE","1",
"Goblin Welder","MONO_RED","CREATURE","1",
"Dire Fleet Daredevil","MONO_RED","CREATURE","2",
"Grenzo, Havoc Raiser","MONO_RED","CREATURE","2",
"Combat Celebrant","MONO_RED","CREATURE","3",
"Dragonspeaker Shaman","MONO_RED","CREATURE","3",
"Feldon of the Third Path","MONO_RED","CREATURE","3",
"Goblin Rabblemaster","MONO_RED","CREATURE","3",
"Hanweir Garrison","MONO_RED","CREATURE","3",
"Anger","MONO_RED","CREATURE","4",
"Krenko, Mob Boss","MONO_RED","CREATURE","4",
"Ogre Battledriver","MONO_RED","CREATURE","4",
"Pia and Kiran Nalaar","MONO_RED","CREATURE","4",
"Heartless Hidetsugu","MONO_RED","CREATURE","5",
"Kiki-Jiki, Mirror Breaker","MONO_RED","CREATURE","5",
"Malignus","MONO_RED","CREATURE","5",
"Neheb, the Eternal","MONO_RED","CREATURE","5",
"Siege-Gang Commander","MONO_RED","CREATURE","5",
"Thundermaw Hellkite","MONO_RED","CREATURE","5",
"Urabrask the Hidden","MONO_RED","CREATURE","5",
"Warchief Giant","MONO_RED","CREATURE","5",
"Zealous Conscripts","MONO_RED","CREATURE","5",
"Charmbreaker Devils","MONO_RED","CREATURE","6",
"Etali, Primal Storm","MONO_RED","CREATURE","6",
"Flameblast Dragon","MONO_RED","CREATURE","6",
"Godo, Bandit Warlord","MONO_RED","CREATURE","6",
"Hellkite Charger","MONO_RED","CREATURE","6",
"Hellkite Tyrant","MONO_RED","CREATURE","6",
"Hoard-Smelter Dragon","MONO_RED","CREATURE","6",
"Inferno Titan","MONO_RED","CREATURE","6",
"Lathliss, Dragon Queen","MONO_RED","CREATURE","6",
"Scourge of the Throne","MONO_RED","CREATURE","6",
"Balefire Dragon","MONO_RED","CREATURE","7",
"Dragon Mage","MONO_RED","CREATURE","7",
"Molten Primordial","MONO_RED","CREATURE","7",
"Tyrant's Familiar","MONO_RED","CREATURE","7",
"Bogardan Hellkite","MONO_RED","CREATURE","8",
"Utvara Hellkite","MONO_RED","CREATURE","8",
"Chandra, Torch of Defiance","MONO_RED","PLANESWALKER","4",
"Daretti, Scrap Savant","MONO_RED","PLANESWALKER","4",
"Chandra, Flamecaller","MONO_RED","PLANESWALKER","6",
"Combustible Gearhulk","MONO_RED","ARTIFACT_CREATURE","6",
"Moltensteel Dragon","MONO_RED","ARTIFACT_CREATURE","6",
"Fire Diamond","MONO_RED","ARTIFACT","2",
"Reverberate","MONO_RED","INSTANT","2",
"Chaos Warp","MONO_RED","INSTANT","3",
"Reiterate","MONO_RED","INSTANT","3",
"Wild Ricochet","MONO_RED","INSTANT","4",
"Savage Beating","MONO_RED","INSTANT","5",
"Comet Storm","MONO_RED","INSTANT","7",
"Faithless Looting","MONO_RED","SORCERY","1",
"Gamble","MONO_RED","SORCERY","1",
"Vandalblast","MONO_RED","SORCERY","1",
"Wheel of Fortune","MONO_RED","SORCERY","3",
"Chain Reaction","MONO_RED","SORCERY","4",
"Mizzix's Mastery","MONO_RED","SORCERY","4",
"Relentless Assault","MONO_RED","SORCERY","4",
"Seize the Day","MONO_RED","SORCERY","4",
"Devil's Play","MONO_RED","SORCERY","6",
"Jokulhaups","MONO_RED","SORCERY","6",
"Insurrection","MONO_RED","SORCERY","8",
"Blasphemous Act","MONO_RED","SORCERY","9",
"Dragon Tempest","MONO_RED","ENCHANTMENT","2",
"Goblin Bombardment","MONO_RED","ENCHANTMENT","2",
"Aggravated Assault","MONO_RED","ENCHANTMENT","3",
"Fervor","MONO_RED","ENCHANTMENT","3",
"Outpost Siege","MONO_RED","ENCHANTMENT","4",
"Sneak Attack","MONO_RED","ENCHANTMENT","4",
"Dictate of the Twin Gods","MONO_RED","ENCHANTMENT","5",
"Gratuitous Violence","MONO_RED","ENCHANTMENT","5",
"Sunbird's Invocation","MONO_RED","ENCHANTMENT","6",
"Warstorm Surge","MONO_RED","ENCHANTMENT","6",
"Hammer of Purphoros","MONO_RED","ENCHANTMENT_ARTIFACT","3",
"Purphoros, God of the Forge","MONO_RED","ENCHANTMENT_CREATURE","4",
"Hanweir Battlements","MONO_RED","LAND","0",
"Spinerock Knoll","MONO_RED","LAND","0",
"Birds of Paradise","MONO_GREEN","CREATURE","1",
"Joraga Treespeaker","MONO_GREEN","CREATURE","1",
"Llanowar Elves","MONO_GREEN","CREATURE","1",
"Bloom Tender","MONO_GREEN","CREATURE","2",
"Fauna Shaman","MONO_GREEN","CREATURE","2",
"Sakura-Tribe Elder","MONO_GREEN","CREATURE","2",
"Satyr Wayfinder","MONO_GREEN","CREATURE","2",
"Eternal Witness","MONO_GREEN","CREATURE","3",
"Farhaven Elf","MONO_GREEN","CREATURE","3",
"Reclamation Sage","MONO_GREEN","CREATURE","3",
"Selvala, Heart of the Wilds","MONO_GREEN","CREATURE","3",
"Wood Elves","MONO_GREEN","CREATURE","3",
"Yavimaya Elder","MONO_GREEN","CREATURE","3",
"Oracle of Mul Daya","MONO_GREEN","CREATURE","4",
"Surrak, the Hunt Caller","MONO_GREEN","CREATURE","4",
"Acidic Slime","MONO_GREEN","CREATURE","5",
"Mycoloth","MONO_GREEN","CREATURE","5",
"Seedborn Muse","MONO_GREEN","CREATURE","5",
"Bane of Progress","MONO_GREEN","CREATURE","6",
"Greenwarden of Murasa","MONO_GREEN","CREATURE","6",
"Hydra Omnivore","MONO_GREEN","CREATURE","6",
"Pathbreaker Ibex","MONO_GREEN","CREATURE","6",
"Rampaging Baloths","MONO_GREEN","CREATURE","6",
"Soul of the Harvest","MONO_GREEN","CREATURE","6",
"Thunderfoot Baloth","MONO_GREEN","CREATURE","6",
"Avenger of Zendikar","MONO_GREEN","CREATURE","7",
"Craterhoof Behemoth","MONO_GREEN","CREATURE","8",
"Terastodon","MONO_GREEN","CREATURE","8",
"Vorinclex, Voice of Hunger","MONO_GREEN","CREATURE","8",
"Woodfall Primus","MONO_GREEN","CREATURE","8",
"Ghalta, Primal Hunger","MONO_GREEN","CREATURE","12",
"Garruk Wildspeaker","MONO_GREEN","PLANESWALKER","4",
"Freyalise, Llanowar's Fury","MONO_GREEN","PLANESWALKER","5",
"Garruk, Primal Hunter","MONO_GREEN","PLANESWALKER","5",
"Lifecrafter's Bestiary","MONO_GREEN","ARTIFACT","3",
"Birthing Pod","MONO_GREEN","ARTIFACT","4",
"Worldly Tutor","MONO_GREEN","INSTANT","1",
"Heroic Intervention","MONO_GREEN","INSTANT","2",
"Beast Within","MONO_GREEN","INSTANT","3",
"Harrow","MONO_GREEN","INSTANT","3",
"Krosan Grip","MONO_GREEN","INSTANT","3",
"Chord of Calling","MONO_GREEN","INSTANT","8",
"Farseek","MONO_GREEN","SORCERY","2",
"Life from the Loam","MONO_GREEN","SORCERY","2",
"Rampant Growth","MONO_GREEN","SORCERY","2",
"Regrowth","MONO_GREEN","SORCERY","2",
"Cultivate","MONO_GREEN","SORCERY","3",
"Eldritch Evolution","MONO_GREEN","SORCERY","3",
"Kodama's Reach","MONO_GREEN","SORCERY","3",
"Search for Tomorrow","MONO_GREEN","SORCERY","3",
"Explosive Vegetation","MONO_GREEN","SORCERY","4",
"Harmonize","MONO_GREEN","SORCERY","4",
"Skyshroud Claim","MONO_GREEN","SORCERY","4",
"Tempt with Discovery","MONO_GREEN","SORCERY","4",
"Overwhelming Stampede","MONO_GREEN","SORCERY","5",
"Shamanic Revelation","MONO_GREEN","SORCERY","5",
"Green Sun's Zenith","MONO_GREEN","SORCERY","6",
"Rishkar's Expertise","MONO_GREEN","SORCERY","6",
"Selvala's Stampede","MONO_GREEN","SORCERY","6",
"Tooth and Nail","MONO_GREEN","SORCERY","7",
"Genesis Wave","MONO_GREEN","SORCERY","8",
"Burgeoning","MONO_GREEN","ENCHANTMENT","1",
"Cryptolith Rite","MONO_GREEN","ENCHANTMENT","2",
"Earthcraft","MONO_GREEN","ENCHANTMENT","2",
"Survival of the Fittest","MONO_GREEN","ENCHANTMENT","2",
"Sylvan Library","MONO_GREEN","ENCHANTMENT","2",
"Awakening Zone","MONO_GREEN","ENCHANTMENT","3",
"Beastmaster Ascension","MONO_GREEN","ENCHANTMENT","3",
"Growing Rites of Itlimoc","MONO_GREEN","ENCHANTMENT","3",
"Song of the Dryads","MONO_GREEN","ENCHANTMENT","3",
"Greater Good","MONO_GREEN","ENCHANTMENT","4",
"Parallel Lives","MONO_GREEN","ENCHANTMENT","4",
"Asceticism","MONO_GREEN","ENCHANTMENT","5",
"Doubling Season","MONO_GREEN","ENCHANTMENT","5",
"Zendikar Resurgent","MONO_GREEN","ENCHANTMENT","7",
"Gaea's Cradle","MONO_GREEN","LAND","0",
"Narset Transcendent","AZORIUS","PLANESWALKER","4",
"Venser, the Sojourner","AZORIUS","PLANESWALKER","5",
"Talisman of Progress","AZORIUS","ARTIFACT","2",
"Sphinx's Revelation","AZORIUS","INSTANT","8",
"Supreme Verdict","AZORIUS","SORCERY","4",
"Consuming Aberration","DIMIR","CREATURE","5",
"Dragonlord Silumgar","DIMIR","CREATURE","6",
"Baleful Strix","DIMIR","ARTIFACT_CREATURE","2",
"Talisman of Dominance","DIMIR","ARTIFACT","2",
"Lim-Dul's Vault","DIMIR","INSTANT","2",
"Kolaghan, the Storm's Fury","RAKDOS","CREATURE","5",
"Bladewing the Risen","RAKDOS","CREATURE","7",
"Talisman of Indulgence","RAKDOS","ARTIFACT","2",
"Terminate","RAKDOS","INSTANT","2",
"Dreadbore","RAKDOS","SORCERY","2",
"Savage Ventmaw","GRUUL","CREATURE","6",
"Atarka, World Render","GRUUL","CREATURE","7",
"Xenagos, the Reveler","GRUUL","PLANESWALKER","4",
"Hull Breach","GRUUL","SORCERY","2",
"Decimate","GRUUL","SORCERY","4",
"Qasali Pridemage","SELESNYA","CREATURE","2",
"Dragonlord Dromoka","SELESNYA","CREATURE","6",
"Sylvan Reclamation","SELESNYA","INSTANT","5",
"Aura Shards","SELESNYA","ENCHANTMENT","3",
"Mirari's Wake","SELESNYA","ENCHANTMENT","5",
"Sorin, Grim Nemesis","ORZHOV","PLANESWALKER","6",
"Anguished Unmaking","ORZHOV","INSTANT","3",
"Utter End","ORZHOV","INSTANT","4",
"Unburial Rites","ORZHOV","SORCERY","5",
"Merciless Eviction","ORZHOV","SORCERY","6",
"Underrealm Lich","GOLGARI","CREATURE","5",
"Assassin's Trophy","GOLGARI","INSTANT","2",
"Putrefy","GOLGARI","INSTANT","3",
"Jarad's Orders","GOLGARI","SORCERY","4",
"Deadbridge Chant","GOLGARI","ENCHANTMENT","6",
"Coiling Oracle","SIMIC","CREATURE","2",
"Edric, Spymaster of Trest","SIMIC","CREATURE","3",
"Trygon Predator","SIMIC","CREATURE","3",
"Mystic Snake","SIMIC","CREATURE","4",
"Progenitor Mimic","SIMIC","CREATURE","6",
"Dack Fayden","IZZET","PLANESWALKER","3",
"Ral Zarek","IZZET","PLANESWALKER","4",
"Counterflux","IZZET","INSTANT","3",
"Mystic Retrieval","IZZET","SORCERY","4",
"Thousand-Year Storm","IZZET","ENCHANTMENT","6",
"Gisela, Blade of Goldnight","BOROS","CREATURE","7",
"Wear // Tear","BOROS","INSTANT","1",
"Boros Charm","BOROS","INSTANT","2",
"Assemble the Legion","BOROS","ENCHANTMENT","5",
"Iroas, God of Victory","BOROS","ENCHANTMENT_CREATURE","4",
"Rhys the Redeemed","RAINBOW","CREATURE","1",
"Ayli, Eternal Pilgrim","RAINBOW","CREATURE","2",
"Derevi, Empyrial Tactician","RAINBOW","CREATURE","3",
"Jhoira of the Ghitu","RAINBOW","CREATURE","3",
"Marath, Will of the Wild","RAINBOW","CREATURE","3",
"Mayael the Anima","RAINBOW","CREATURE","3",
"Atraxa, Praetors' Voice","RAINBOW","CREATURE","4",
"Brago, King Eternal","RAINBOW","CREATURE","4",
"Grand Arbiter Augustin IV","RAINBOW","CREATURE","4",
"Jarad, Golgari Lich Lord","RAINBOW","CREATURE","4",
"Jeleva, Nephalia's Scourge","RAINBOW","CREATURE","4",
"Jodah, Archmage Eternal","RAINBOW","CREATURE","4",
"Kaalia of the Vast","RAINBOW","CREATURE","4",
"Kess, Dissident Mage","RAINBOW","CREATURE","4",
"Kynaios and Tiro of Meletis","RAINBOW","CREATURE","4",
"Lazav, Dimir Mastermind","RAINBOW","CREATURE","4",
"Meren of Clan Nel Toth","RAINBOW","CREATURE","4",
"Mizzix of the Izmagnus","RAINBOW","CREATURE","4",
"Olivia Voldaren","RAINBOW","CREATURE","4",
"Rakdos, Lord of Riots","RAINBOW","CREATURE","4",
"Rashmi, Eternities Crafter","RAINBOW","CREATURE","4",
"Ruhan of the Fomori","RAINBOW","CREATURE","4",
"Saskia the Unyielding","RAINBOW","CREATURE","4",
"Yidris, Maelstrom Wielder","RAINBOW","CREATURE","4",
"Ghave, Guru of Spores","RAINBOW","CREATURE","5",
"Jor Kadeen, the Prevailer","RAINBOW","CREATURE","5",
"Kresh the Bloodbraided","RAINBOW","CREATURE","5",
"Riku of Two Reflections","RAINBOW","CREATURE","5",
"Roon of the Hidden Realm","RAINBOW","CREATURE","5",
"Scion of the Ur-Dragon","RAINBOW","CREATURE","5",
"Sigarda, Host of Herons","RAINBOW","CREATURE","5",
"The Mimeoplasm","RAINBOW","CREATURE","5",
"The Scarab God","RAINBOW","CREATURE","5",
"Vona, Butcher of Magan","RAINBOW","CREATURE","5",
"Zurgo Helmsmasher","RAINBOW","CREATURE","5",
"Aurelia, the Warleader","RAINBOW","CREATURE","6",
"Narset, Enlightened Master","RAINBOW","CREATURE","6",
"Oloro, Ageless Ascetic","RAINBOW","CREATURE","6",
"Prossh, Skyraider of Kher","RAINBOW","CREATURE","6",
"Tasigur, the Golden Fang","RAINBOW","CREATURE","6",
"Omnath, Locus of Rage","RAINBOW","CREATURE","7",
"Karador, Ghost Chieftain","RAINBOW","CREATURE","8",
"Maelstrom Wanderer","RAINBOW","CREATURE","8",
"The Ur-Dragon","RAINBOW","CREATURE","9",
"Breya, Etherium Shaper","RAINBOW","ARTIFACT_CREATURE","4",
"Sen Triplets","RAINBOW","ARTIFACT_CREATURE","5",
"Kruphix, God of Horizons","RAINBOW","ENCHANTMENT_CREATURE","5",
"Xenagos, God of Revels","RAINBOW","ENCHANTMENT_CREATURE","5",
"Oblivion Sower","COLOURLESS","CREATURE","6",
"Artisan of Kozilek","COLOURLESS","CREATURE","9",
"Void Winnower","COLOURLESS","CREATURE","9",
"Kozilek, Butcher of Truth","COLOURLESS","CREATURE","10",
"Ulamog, the Ceaseless Hunger","COLOURLESS","CREATURE","10",
"Ulamog, the Infinite Gyre","COLOURLESS","CREATURE","11",
"It That Betrays","COLOURLESS","CREATURE","12",
"Emrakul, the Promised End","COLOURLESS","CREATURE","13",
"Karn Liberated","COLOURLESS","PLANESWALKER","7",
"Ugin, the Spirit Dragon","COLOURLESS","PLANESWALKER","8",
"Burnished Hart","COLOURLESS","ARTIFACT_CREATURE","3",
"Palladium Myr","COLOURLESS","ARTIFACT_CREATURE","3",
"Solemn Simulacrum","COLOURLESS","ARTIFACT_CREATURE","4",
"Precursor Golem","COLOURLESS","ARTIFACT_CREATURE","5",
"Duplicant","COLOURLESS","ARTIFACT_CREATURE","6",
"Soul of New Phyrexia","COLOURLESS","ARTIFACT_CREATURE","6",
"Steel Hellkite","COLOURLESS","ARTIFACT_CREATURE","6",
"Wurmcoil Engine","COLOURLESS","ARTIFACT_CREATURE","6",
"Meteor Golem","COLOURLESS","ARTIFACT_CREATURE","7",
"Myr Battlesphere","COLOURLESS","ARTIFACT_CREATURE","7",
"Blightsteel Colossus","COLOURLESS","ARTIFACT_CREATURE","12",
"Everflowing Chalice","COLOURLESS","ARTIFACT","0",
"Mana Crypt","COLOURLESS","ARTIFACT","0",
"Expedition Map","COLOURLESS","ARTIFACT","1",
"Mana Vault","COLOURLESS","ARTIFACT","1",
"Sensei's Divining Top","COLOURLESS","ARTIFACT","1",
"Skullclamp","COLOURLESS","ARTIFACT","1",
"Sol Ring","COLOURLESS","ARTIFACT","1",
"Wayfarer's Bauble","COLOURLESS","ARTIFACT","1",
"Azorius Signet","COLOURLESS","ARTIFACT","2",
"Boros Signet","COLOURLESS","ARTIFACT","2",
"Coldsteel Heart","COLOURLESS","ARTIFACT","2",
"Conqueror's Flail","COLOURLESS","ARTIFACT","2",
"Dimir Signet","COLOURLESS","ARTIFACT","2",
"Fellwar Stone","COLOURLESS","ARTIFACT","2",
"Golgari Signet","COLOURLESS","ARTIFACT","2",
"Grim Monolith","COLOURLESS","ARTIFACT","2",
"Gruul Signet","COLOURLESS","ARTIFACT","2",
"Ichor Wellspring","COLOURLESS","ARTIFACT","2",
"Illusionist's Bracers","COLOURLESS","ARTIFACT","2",
"Izzet Signet","COLOURLESS","ARTIFACT","2",
"Lightning Greaves","COLOURLESS","ARTIFACT","2",
"Mind Stone","COLOURLESS","ARTIFACT","2",
"Nim Deathmantle","COLOURLESS","ARTIFACT","2",
"Orzhov Signet","COLOURLESS","ARTIFACT","2",
"Rakdos Signet","COLOURLESS","ARTIFACT","2",
"Scroll Rack","COLOURLESS","ARTIFACT","2",
"Selesnya Signet","COLOURLESS","ARTIFACT","2",
"Simic Signet","COLOURLESS","ARTIFACT","2",
"Strionic Resonator","COLOURLESS","ARTIFACT","2",
"Swiftfoot Boots","COLOURLESS","ARTIFACT","2",
"Sword of the Animist","COLOURLESS","ARTIFACT","2",
"Thought Vessel","COLOURLESS","ARTIFACT","2",
"Winter Orb","COLOURLESS","ARTIFACT","2",
"Ashnod's Altar","COLOURLESS","ARTIFACT","3",
"Basalt Monolith","COLOURLESS","ARTIFACT","3",
"Chromatic Lantern","COLOURLESS","ARTIFACT","3",
"Coalition Relic","COLOURLESS","ARTIFACT","3",
"Commander's Sphere","COLOURLESS","ARTIFACT","3",
"Crucible of Worlds","COLOURLESS","ARTIFACT","3",
"Darksteel Ingot","COLOURLESS","ARTIFACT","3",
"Darksteel Plate","COLOURLESS","ARTIFACT","3",
"Dragon's Hoard","COLOURLESS","ARTIFACT","3",
"Loxodon Warhammer","COLOURLESS","ARTIFACT","3",
"Mimic Vat","COLOURLESS","ARTIFACT","3",
"Mirage Mirror","COLOURLESS","ARTIFACT","3",
"Oblivion Stone","COLOURLESS","ARTIFACT","3",
"Pristine Talisman","COLOURLESS","ARTIFACT","3",
"Rings of Brighthearth","COLOURLESS","ARTIFACT","3",
"Sculpting Steel","COLOURLESS","ARTIFACT","3",
"Sword of Feast and Famine","COLOURLESS","ARTIFACT","3",
"Sword of Fire and Ice","COLOURLESS","ARTIFACT","3",
"Sword of Light and Shadow","COLOURLESS","ARTIFACT","3",
"Whispersilk Cloak","COLOURLESS","ARTIFACT","3",
"Worn Powerstone","COLOURLESS","ARTIFACT","3",
"Hedron Archive","COLOURLESS","ARTIFACT","4",
"Helm of the Host","COLOURLESS","ARTIFACT","4",
"Nevinyrral's Disk","COLOURLESS","ARTIFACT","4",
"Panharmonicon","COLOURLESS","ARTIFACT","4",
"Phyrexian Processor","COLOURLESS","ARTIFACT","4",
"Primal Amulet","COLOURLESS","ARTIFACT","4",
"Quicksilver Amulet","COLOURLESS","ARTIFACT","4",
"Thran Dynamo","COLOURLESS","ARTIFACT","4",
"Trading Post","COLOURLESS","ARTIFACT","4",
"Vedalken Orrery","COLOURLESS","ARTIFACT","4",
"Coat of Arms","COLOURLESS","ARTIFACT","5",
"Conjurer's Closet","COLOURLESS","ARTIFACT","5",
"Eldrazi Monument","COLOURLESS","ARTIFACT","5",
"Gilded Lotus","COLOURLESS","ARTIFACT","5",
"Mind's Eye","COLOURLESS","ARTIFACT","5",
"Paradox Engine","COLOURLESS","ARTIFACT","5",
"Caged Sun","COLOURLESS","ARTIFACT","6",
"Dreamstone Hedron","COLOURLESS","ARTIFACT","6",
"Mindslaver","COLOURLESS","ARTIFACT","6",
"Staff of Nin","COLOURLESS","ARTIFACT","6",
"Akroma's Memorial","COLOURLESS","ARTIFACT","7",
"Spine of Ish Sah","COLOURLESS","ARTIFACT","7",
"All Is Dust","COLOURLESS","SORCERY","7",
"Ancient Tomb","COLOURLESS","LAND","0",
"Arid Mesa","COLOURLESS","LAND","0",
"Ash Barrens","COLOURLESS","LAND","0",
"Badlands","COLOURLESS","LAND","0",
"Bayou","COLOURLESS","LAND","0",
"Blood Crypt","COLOURLESS","LAND","0",
"Bloodstained Mire","COLOURLESS","LAND","0",
"Bountiful Promenade","COLOURLESS","LAND","0",
"Breeding Pool","COLOURLESS","LAND","0",
"City of Brass","COLOURLESS","LAND","0",
"Clifftop Retreat","COLOURLESS","LAND","0",
"Command Beacon","COLOURLESS","LAND","0",
"Command Tower","COLOURLESS","LAND","0",
"Dragonskull Summit","COLOURLESS","LAND","0",
"Drowned Catacomb","COLOURLESS","LAND","0",
"Evolving Wilds","COLOURLESS","LAND","0",
"Exotic Orchard","COLOURLESS","LAND","0",
"Flooded Strand","COLOURLESS","LAND","0",
"Glacial Fortress","COLOURLESS","LAND","0",
"Godless Shrine","COLOURLESS","LAND","0",
"Hall of the Bandit Lord","COLOURLESS","LAND","0",
"Hallowed Fountain","COLOURLESS","LAND","0",
"Hinterland Harbor","COLOURLESS","LAND","0",
"Isolated Chapel","COLOURLESS","LAND","0",
"Luxury Suite","COLOURLESS","LAND","0",
"Mana Confluence","COLOURLESS","LAND","0",
"Marsh Flats","COLOURLESS","LAND","0",
"Maze of Ith","COLOURLESS","LAND","0",
"Misty Rainforest","COLOURLESS","LAND","0",
"Morphic Pool","COLOURLESS","LAND","0",
"Myriad Landscape","COLOURLESS","LAND","0",
"Overgrown Tomb","COLOURLESS","LAND","0",
"Path of Ancestry","COLOURLESS","LAND","0",
"Plateau","COLOURLESS","LAND","0",
"Polluted Delta","COLOURLESS","LAND","0",
"Reflecting Pool","COLOURLESS","LAND","0",
"Rootbound Crag","COLOURLESS","LAND","0",
"Sacred Foundry","COLOURLESS","LAND","0",
"Savannah","COLOURLESS","LAND","0",
"Scalding Tarn","COLOURLESS","LAND","0",
"Scrubland","COLOURLESS","LAND","0",
"Sea of Clouds","COLOURLESS","LAND","0",
"Spire Garden","COLOURLESS","LAND","0",
"Steam Vents","COLOURLESS","LAND","0",
"Stomping Ground","COLOURLESS","LAND","0",
"Strip Mine","COLOURLESS","LAND","0",
"Sulfur Falls","COLOURLESS","LAND","0",
"Sunpetal Grove","COLOURLESS","LAND","0",
"Taiga","COLOURLESS","LAND","0",
"Temple Garden","COLOURLESS","LAND","0",
"Temple of Epiphany","COLOURLESS","LAND","0",
"Temple of Malady","COLOURLESS","LAND","0",
"Temple of Mystery","COLOURLESS","LAND","0",
"Temple of Silence","COLOURLESS","LAND","0",
"Temple of Triumph","COLOURLESS","LAND","0",
"Temple of the False God","COLOURLESS","LAND","0",
"Terramorphic Expanse","COLOURLESS","LAND","0",
"Tropical Island","COLOURLESS","LAND","0",
"Tundra","COLOURLESS","LAND","0",
"Underground Sea","COLOURLESS","LAND","0",
"Urborg, Tomb of Yawgmoth","COLOURLESS","LAND","0",
"Verdant Catacombs","COLOURLESS","LAND","0",
"Vivid Crag","COLOURLESS","LAND","0",
"Vivid Creek","COLOURLESS","LAND","0",
"Vivid Grove","COLOURLESS","LAND","0",
"Vivid Marsh","COLOURLESS","LAND","0",
"Vivid Meadow","COLOURLESS","LAND","0",
"Volcanic Island","COLOURLESS","LAND","0",
"Watery Grave","COLOURLESS","LAND","0",
"Windswept Heath","COLOURLESS","LAND","0",
"Wooded Foothills","COLOURLESS","LAND","0",
"Woodland Cemetery","COLOURLESS","LAND","0",
